,avg_power,avg_stroke_rate,avg_stroke_length,avg_pulse,avg_energy_per_stroke,avg_500m_time,leg_2_avg_power,leg_2_avg_pulse,leg_3_avg_power,leg_3_avg_pulse,decoupling_rate
0,228.57330495356038,23.276130030959752,142.12306501547988,158.12383900928793,595.4272755417957,115.66333333333334,235.78747152619593,158.6378132118451,227.86859484777517,158.62763466042153,-0.03352279550006931
