,workout_type,avg_power,avg_stroke_rate,avg_stroke_length,avg_pulse,avg_energy_per_stroke,avg_500m_time,leg_2_avg_power,leg_2_avg_pulse,leg_3_avg_power,leg_3_avg_pulse,decoupling_rate,rpe,description
Fri Jan 14 2022 01:12:54 GMT-0800,decoupling,228.5733049535604,23.276130030959752,142.12306501547988,158.1238390092879,595.4272755417957,115.66333333333334,235.78747152619596,158.6378132118451,227.8685948477752,158.6276346604215,-0.0335227955000693,5,test
Thu Jan 13 2022 01:14:20 GMT-0800,decoupling,228.57330495356038,23.276130030959752,142.12306501547988,158.12383900928793,595.4272755417957,115.66333333333334,235.78747152619593,158.6378132118451,227.86859484777517,158.62763466042153,-0.03352279550006931,6,test2
