,workout_type,avg_power,avg_stroke_rate,avg_stroke_length,avg_pulse,avg_energy_per_stroke,avg_500m_time,leg_2_avg_power,leg_2_avg_pulse,leg_3_avg_power,leg_3_avg_pulse,decoupling_rate,rpe,description
Fri Jan 14 2022 10:26:15 GMT-0800,decoupling,228.5733049535604,23.276130030959752,142.12306501547988,158.1238390092879,595.4272755417957,115.66333333333334,235.787471526196,158.6378132118451,227.8685948477752,158.6276346604215,-0.0335227955000693,5,test
Thu Jan 13 2022 10:33:39 GMT-0800,decoupling,228.5733049535604,23.276130030959752,142.12306501547988,158.1238390092879,595.4272755417957,115.66333333333334,235.787471526196,158.6378132118451,227.8685948477752,158.6276346604215,-0.0335227955000693,6,test2
Fri Jan 14 2022 10:34:56 GMT-0800,decoupling,228.5733049535604,23.276130030959752,142.12306501547988,158.1238390092879,595.4272755417957,115.66333333333334,235.78747152619596,158.6378132118451,227.8685948477752,158.6276346604215,-0.0335227955000693,6,test3
Tue Jan 11 2022 10:35:25 GMT-0800,rp3,308.0655020746888,30.200605809128632,136.51684647302903,0.0,600.484580912863,96.08,,,,,,7,40 min test
