,avg_power,avg_stroke_rate,avg_stroke_length,avg_pulse,avg_energy_per_stroke,avg_500m_time
0,305.74598646034815,29.980232108317217,122.96595744680852,183.0870406189555,605.9085589941973,103.48100000000002
