,avg_power,avg_stroke_rate,avg_stroke_length,avg_pulse,avg_energy_per_stroke,avg_500m_time
0,308.0655020746888,30.200605809128632,136.51684647302903,0.0,600.484580912863,96.08
